{
  "company_name": "Cabinet Nanyang & Associés",
  "contact_email": "nanyangbrice@gmail.com",
  "contact_phone": "+33123456789",
  "address": "123 Avenue des Champs-Élysées, 75008 Paris, France",
  "registration_number": "PAR123456789",
  "experience_years": 8,
  "qualifications": "Avocat spécialisé en droit commercial et fiscal, Certifié en droit des affaires internationales",
  "technical_proposal": "Notre cabinet propose une expertise complète en droit commercial avec une approche innovante. Nous utilisons les dernières technologies juridiques pour optimiser nos services et offrir des solutions personnalisées à nos clients. Notre équipe de 15 avocats spécialisés couvre tous les domaines du droit des affaires.",
  "financial_proposal": "Nous proposons des tarifs compétitifs avec des forfaits adaptés aux besoins de chaque client. Nos honoraires sont transparents et incluent un suivi personnalisé. Nous offrons également des solutions de financement pour les PME.",
  "references": "Cabinet reconnu avec plus de 200 clients satisfaits, références disponibles sur demande. Partenaire officiel de la Chambre de Commerce de Paris."
}
